Time(s),CH1V,CH2V
-1.220000e-04,3.141467e+00,3.162933e+00
-1.200000e-04,3.145867e+00,3.167200e+00
-1.180000e-04,3.148133e+00,3.162933e+00
-1.160000e-04,3.132667e+00,3.148000e+00
-1.140000e-04,3.126000e+00,3.162933e+00
-1.120000e-04,3.152533e+00,3.154400e+00
-1.100000e-04,3.152533e+00,3.173600e+00
-1.080000e-04,3.130400e+00,3.148000e+00
-1.060000e-04,3.141467e+00,3.169333e+00
-1.040000e-04,3.128267e+00,3.167200e+00
-1.020000e-04,3.139333e+00,3.160800e+00
-1.000000e-04,3.132667e+00,3.156533e+00
-9.800000e-05,3.139333e+00,3.171467e+00
-9.600000e-05,3.150267e+00,3.160800e+00
-9.400000e-05,3.126000e+00,3.162933e+00
-9.200000e-05,3.130400e+00,3.152267e+00
-9.000000e-05,3.145867e+00,3.160800e+00
-8.800000e-05,3.156933e+00,3.156533e+00
-8.600000e-05,3.132667e+00,3.184267e+00
-8.400000e-05,3.143733e+00,3.169333e+00
-8.200000e-05,3.161333e+00,3.158667e+00
-8.000000e-05,3.132667e+00,3.167200e+00
-7.800000e-05,3.137067e+00,3.173600e+00
-7.600000e-05,3.141467e+00,3.162933e+00
-7.400000e-05,3.148133e+00,3.162933e+00
-7.200000e-05,3.137067e+00,3.162933e+00
-7.000000e-05,3.132667e+00,3.165067e+00
-6.800000e-05,3.141467e+00,3.158667e+00
-6.600000e-05,3.114933e+00,3.158667e+00
-6.400000e-05,3.134800e+00,3.162933e+00
-6.200000e-05,3.154800e+00,3.160800e+00
-6.000000e-05,3.154800e+00,3.165067e+00
-5.800000e-05,3.121600e+00,3.154400e+00
-5.600000e-05,3.134800e+00,3.182133e+00
-5.400000e-05,3.143733e+00,3.160800e+00
-5.200000e-05,3.134800e+00,3.175733e+00
-5.000000e-05,3.152533e+00,3.152267e+00
-4.800000e-05,3.134800e+00,3.158667e+00
-4.600000e-05,3.145867e+00,3.156533e+00
-4.400000e-05,3.126000e+00,3.162933e+00
-4.200000e-05,3.141467e+00,3.175733e+00
-4.000000e-05,3.137067e+00,3.150133e+00
-3.800000e-05,3.137067e+00,3.156533e+00
-3.600000e-05,3.163600e+00,3.173600e+00
-3.400000e-05,3.123867e+00,3.173600e+00
-3.200000e-05,3.137067e+00,3.171467e+00
-3.000000e-05,3.134800e+00,3.158667e+00
-2.800000e-05,3.123867e+00,3.184267e+00
-2.600000e-05,3.156933e+00,3.167200e+00
-2.400000e-05,3.117200e+00,3.186400e+00
-2.200000e-05,3.145867e+00,3.156533e+00
-2.000000e-05,3.145867e+00,3.162933e+00
-1.800000e-05,3.148133e+00,3.154400e+00
-1.600000e-05,3.148133e+00,3.184267e+00
-1.400000e-05,3.145867e+00,3.177867e+00
-1.200000e-05,3.148133e+00,3.165067e+00
-1.000000e-05,3.139333e+00,3.175733e+00
-8.000000e-06,3.145867e+00,4.213334e-02
-6.000000e-06,3.152533e+00,5.066667e-02
-4.000000e-06,7.066667e-03,3.148000e+00
-2.000000e-06,2.706667e-02,3.173600e+00
-1.414545e-19,3.360000e-02,3.173600e+00
2.000000e-06,3.119333e+00,3.173600e+00
4.000000e-06,3.141467e+00,3.177867e+00
6.000000e-06,1.813333e-02,3.162933e+00
8.000000e-06,4.693333e-02,3.182133e+00
1.000000e-05,2.920000e-02,3.160800e+00
1.200000e-05,3.114933e+00,3.190667e+00
1.400000e-05,3.137067e+00,3.184267e+00
1.600000e-05,1.154667e-01,3.124400e+00
1.800000e-05,2.920000e-02,5.280000e-02
2.000000e-05,5.360000e-02,6.346667e-02
2.200000e-05,2.778933e+00,4.853334e-02
2.400000e-05,3.134800e+00,5.280000e-02
2.600000e-05,3.152533e+00,4.000000e-02
2.800000e-05,2.480000e-02,3.148000e+00
3.000000e-05,2.480000e-02,3.167200e+00
3.200000e-05,3.360000e-02,3.182133e+00
3.400000e-05,3.134800e+00,3.162933e+00
3.600000e-05,3.156933e+00,3.175733e+00
3.800000e-05,3.586667e-02,7.213333e-02
4.000000e-05,1.373333e-02,5.920000e-02
4.200000e-05,2.040000e-02,7.853334e-02
4.400000e-05,3.130400e+00,6.133333e-02
4.600000e-05,3.141467e+00,5.280000e-02
4.800000e-05,4.466667e-02,2.419067e+00
5.000000e-05,2.253333e-02,3.165067e+00
5.200000e-05,4.026667e-02,3.169333e+00
5.400000e-05,3.061867e+00,3.171467e+00
5.600000e-05,3.141467e+00,3.171467e+00
5.800000e-05,9.333333e-03,3.096667e+00
6.000000e-05,3.586667e-02,3.175733e+00
6.200000e-05,7.120000e-02,3.175733e+00
6.400000e-05,2.233067e+00,3.165067e+00
6.600000e-05,3.114933e+00,3.188533e+00
6.800000e-05,3.154800e+00,3.186400e+00
7.000000e-05,3.586667e-02,5.280000e-02
7.200000e-05,2.040000e-02,4.213334e-02
7.400000e-05,3.800000e-02,5.066667e-02
7.600000e-05,3.134800e+00,5.066667e-02
7.800000e-05,3.156933e+00,8.493333e-02
8.000000e-05,4.026667e-02,6.786667e-02
8.200000e-05,2.920000e-02,3.573333e-02
8.400000e-05,2.706667e-02,5.706667e-02
8.600000e-05,3.134800e+00,6.786667e-02
8.800000e-05,3.145867e+00,8.066667e-02
9.000000e-05,4.026667e-02,2.080000e-02
9.200000e-05,4.253333e-02,6.346667e-02
9.400000e-05,4.026667e-02,6.346667e-02
9.600000e-05,2.969067e+00,5.280000e-02
9.800000e-05,3.145867e+00,6.573334e-02
1.000000e-04,4.466667e-02,5.493334e-02
1.020000e-04,4.253333e-02,6.346667e-02
1.040000e-04,4.026667e-02,7.853334e-02
1.060000e-04,7.674667e-01,6.346667e-02
1.080000e-04,3.130400e+00,6.346667e-02
1.100000e-04,3.130400e+00,1.041333e-01
1.120000e-04,5.573333e-02,6.786667e-02
1.140000e-04,4.253333e-02,9.133334e-02
1.160000e-04,1.813333e-02,6.573334e-02
1.180000e-04,3.134800e+00,7.213333e-02
1.200000e-04,3.148133e+00,6.786667e-02
1.220000e-04,4.026667e-02,6.133333e-02
1.240000e-04,4.026667e-02,6.133333e-02
1.260000e-04,3.800000e-02,8.920000e-02
1.280000e-04,3.119333e+00,7.213333e-02
1.300000e-04,3.141467e+00,7.426666e-02
1.320000e-04,4.906667e-02,1.212000e-01
1.340000e-04,4.026667e-02,3.160800e+00
1.360000e-04,4.693333e-02,3.182133e+00
1.380000e-04,2.776800e+00,3.205600e+00
1.400000e-04,3.137067e+00,3.171467e+00
1.420000e-04,3.159200e+00,3.177867e+00
1.440000e-04,4.906667e-02,7.640000e-02
1.460000e-04,4.253333e-02,6.133333e-02
1.480000e-04,4.693333e-02,8.066667e-02
1.500000e-04,3.134800e+00,5.920000e-02
1.520000e-04,3.137067e+00,4.640000e-02
1.540000e-04,4.693333e-02,4.213334e-02
1.560000e-04,2.253333e-02,6.346667e-02
1.580000e-04,2.920000e-02,5.706667e-02
1.600000e-04,3.139333e+00,4.853334e-02
1.620000e-04,3.137067e+00,6.133333e-02
1.640000e-04,3.800000e-02,4.640000e-02
1.660000e-04,5.573333e-02,8.280000e-02
1.680000e-04,3.586667e-02,7.213333e-02
1.700000e-04,3.086267e+00,8.706667e-02
1.720000e-04,3.134800e+00,7.000000e-02
1.740000e-04,8.453333e-02,-1.950667e-01
1.760000e-04,4.026667e-02,6.786667e-02
1.780000e-04,-3.040000e-02,8.920000e-02
1.800000e-04,2.164533e+00,6.786667e-02
1.820000e-04,3.119333e+00,6.573334e-02
1.840000e-04,3.148133e+00,7.640000e-02
1.860000e-04,4.253333e-02,6.133333e-02
1.880000e-04,3.360000e-02,5.706667e-02
1.900000e-04,1.373333e-02,6.786667e-02
1.920000e-04,3.132667e+00,7.000000e-02
1.940000e-04,3.152533e+00,6.786667e-02
1.960000e-04,3.360000e-02,6.573334e-02
1.980000e-04,3.360000e-02,7.213333e-02
2.000000e-04,3.146667e-02,4.213334e-02
2.020000e-04,3.103867e+00,7.853334e-02
2.040000e-04,3.143733e+00,7.213333e-02
2.060000e-04,6.013333e-02,7.853334e-02
2.080000e-04,2.480000e-02,6.573334e-02
2.100000e-04,2.920000e-02,7.853334e-02
2.120000e-04,2.719333e+00,6.133333e-02
2.140000e-04,3.145867e+00,8.280000e-02
2.160000e-04,3.137067e+00,7.640000e-02
2.180000e-04,4.026667e-02,9.346667e-02
2.200000e-04,4.693333e-02,6.346667e-02
2.220000e-04,2.040000e-02,5.066667e-02
2.240000e-04,3.130400e+00,7.000000e-02
2.260000e-04,3.145867e+00,7.426666e-02
2.280000e-04,3.360000e-02,3.109467e+00
2.300000e-04,1.813333e-02,3.177867e+00
2.320000e-04,1.373333e-02,3.175733e+00
2.340000e-04,3.132667e+00,3.197067e+00
2.360000e-04,3.141467e+00,3.182133e+00
2.380000e-04,3.800000e-02,7.853334e-02
2.400000e-04,4.253333e-02,5.706667e-02
2.420000e-04,3.146667e-02,7.000000e-02
2.440000e-04,3.030933e+00,4.213334e-02
2.460000e-04,3.143733e+00,8.493333e-02
2.480000e-04,6.013333e-02,1.704000e-01
2.500000e-04,3.586667e-02,6.346667e-02
2.520000e-04,3.586667e-02,6.346667e-02
2.540000e-04,2.038533e+00,5.920000e-02
2.560000e-04,3.150267e+00,7.426666e-02
2.580000e-04,3.139333e+00,8.493333e-02
2.600000e-04,3.146667e-02,3.160800e+00
2.620000e-04,2.480000e-02,3.175733e+00
2.640000e-04,7.066667e-03,3.188533e+00
2.660000e-04,3.145867e+00,3.167200e+00
2.680000e-04,3.137067e+00,3.180000e+00
2.700000e-04,5.133333e-02,5.493334e-02
2.720000e-04,4.253333e-02,5.706667e-02
2.740000e-04,3.800000e-02,5.706667e-02
2.760000e-04,3.121600e+00,8.066667e-02
2.780000e-04,3.141467e+00,3.573333e-02
2.800000e-04,5.800000e-02,2.337867e+00
2.820000e-04,5.133333e-02,3.160800e+00
2.840000e-04,2.480000e-02,3.171467e+00
2.860000e-04,2.949200e+00,3.184267e+00
2.880000e-04,3.130400e+00,3.173600e+00
2.900000e-04,3.145867e+00,3.167200e+00
2.920000e-04,3.134800e+00,7.853334e-02
2.940000e-04,3.108400e+00,5.706667e-02
2.960000e-04,3.586667e-02,3.043200e+00
2.980000e-04,4.693333e-02,3.165067e+00
3.000000e-04,2.920000e-02,3.162933e+00
3.020000e-04,3.137067e+00,3.177867e+00
3.040000e-04,3.134800e+00,3.165067e+00
3.060000e-04,5.800000e-02,3.150133e+00
3.080000e-04,2.253333e-02,3.156533e+00
3.100000e-04,9.333333e-03,3.165067e+00
3.120000e-04,3.008800e+00,3.175733e+00
3.140000e-04,3.134800e+00,3.167200e+00
3.160000e-04,2.666667e-03,3.162933e+00
3.180000e-04,3.586667e-02,6.133333e-02
3.200000e-04,1.813333e-02,4.640000e-02
3.220000e-04,9.996000e-01,7.853334e-02
3.240000e-04,3.150267e+00,6.786667e-02
3.260000e-04,3.148133e+00,4.213334e-02
3.280000e-04,2.706667e-02,3.135067e+00
3.300000e-04,4.026667e-02,3.160800e+00
3.320000e-04,2.706667e-02,3.188533e+00
3.340000e-04,3.134800e+00,3.192800e+00
3.360000e-04,3.137067e+00,3.167200e+00
3.380000e-04,4.693333e-02,7.000000e-02
3.400000e-04,4.693333e-02,7.640000e-02
3.420000e-04,3.146667e-02,4.640000e-02
3.440000e-04,3.123867e+00,7.213333e-02
3.460000e-04,3.148133e+00,7.213333e-02
3.480000e-04,4.026667e-02,8.493333e-02
3.500000e-04,4.026667e-02,3.156533e+00
3.520000e-04,9.333333e-03,3.169333e+00
3.540000e-04,2.770133e+00,3.188533e+00
3.560000e-04,3.137067e+00,3.156533e+00
3.580000e-04,3.119333e+00,3.150133e+00
3.600000e-04,2.480000e-02,3.167200e+00
3.620000e-04,4.253333e-02,3.167200e+00
3.640000e-04,4.466667e-02,3.169333e+00
3.660000e-04,3.123867e+00,3.184267e+00
3.680000e-04,3.137067e+00,3.167200e+00
3.700000e-04,4.026667e-02,5.066667e-02
3.720000e-04,5.800000e-02,5.066667e-02
3.740000e-04,2.666667e-03,6.133333e-02
3.760000e-04,3.128267e+00,5.280000e-02
3.780000e-04,3.126000e+00,4.640000e-02
3.800000e-04,3.800000e-02,4.640000e-02
3.820000e-04,3.360000e-02,4.640000e-02
3.840000e-04,1.600000e-02,5.280000e-02
3.860000e-04,3.061867e+00,4.853334e-02
3.880000e-04,3.132667e+00,5.493334e-02
3.900000e-04,2.480000e-02,-3.938667e-01
3.920000e-04,5.360000e-02,6.573334e-02
3.940000e-04,1.600000e-02,6.133333e-02
3.960000e-04,2.208667e+00,5.706667e-02
3.980000e-04,3.145867e+00,7.213333e-02
4.000000e-04,3.134800e+00,7.853334e-02
4.020000e-04,4.026667e-02,5.706667e-02
4.040000e-04,4.026667e-02,6.133333e-02
4.060000e-04,3.146667e-02,8.493333e-02
4.080000e-04,3.141467e+00,7.426666e-02
4.100000e-04,3.137067e+00,9.133334e-02
4.120000e-04,2.480000e-02,6.346667e-02
4.140000e-04,4.693333e-02,6.573334e-02
4.160000e-04,3.800000e-02,5.920000e-02
4.180000e-04,3.119333e+00,7.426666e-02
4.200000e-04,3.134800e+00,4.640000e-02
4.220000e-04,4.026667e-02,1.241333e+00
4.240000e-04,4.906667e-02,3.162933e+00
4.260000e-04,2.253333e-02,3.177867e+00
4.280000e-04,2.993333e+00,3.190667e+00
4.300000e-04,3.148133e+00,3.182133e+00
4.320000e-04,-8.573333e-02,3.165067e+00
4.340000e-04,4.693333e-02,8.280000e-02
4.360000e-04,2.480000e-02,5.706667e-02
4.380000e-04,6.813334e-01,3.786667e-02
4.400000e-04,3.130400e+00,4.000000e-02
4.420000e-04,3.145867e+00,7.000000e-02
4.440000e-04,6.240000e-02,4.640000e-02
4.460000e-04,4.693333e-02,5.280000e-02
4.480000e-04,5.360000e-02,5.280000e-02
4.500000e-04,3.132667e+00,6.786667e-02
4.520000e-04,3.145867e+00,5.066667e-02
4.540000e-04,5.360000e-02,5.920000e-02
4.560000e-04,4.253333e-02,5.493334e-02
4.580000e-04,2.040000e-02,6.786667e-02
4.600000e-04,3.108400e+00,7.213333e-02
4.620000e-04,3.128267e+00,5.706667e-02
4.640000e-04,5.133333e-02,8.066667e-02
4.660000e-04,3.800000e-02,6.786667e-02
4.680000e-04,2.040000e-02,6.133333e-02
4.700000e-04,2.730400e+00,7.000000e-02
4.720000e-04,3.130400e+00,5.920000e-02
4.740000e-04,3.143733e+00,6.786667e-02
4.760000e-04,1.813333e-02,8.493333e-02
4.780000e-04,2.920000e-02,5.706667e-02
4.800000e-04,4.253333e-02,5.280000e-02
4.820000e-04,3.134800e+00,7.426666e-02
4.840000e-04,3.145867e+00,6.346667e-02
4.860000e-04,5.360000e-02,5.920000e-02
4.880000e-04,3.586667e-02,8.066667e-02
4.900000e-04,3.586667e-02,6.346667e-02
4.920000e-04,3.145867e+00,6.573334e-02
4.940000e-04,3.123867e+00,6.346667e-02
4.960000e-04,3.360000e-02,2.376267e+00
4.980000e-04,2.040000e-02,3.173600e+00
5.000000e-04,2.480000e-02,3.182133e+00
5.020000e-04,3.055333e+00,3.192800e+00
5.040000e-04,3.150267e+00,3.177867e+00
5.060000e-04,9.773333e-02,3.092400e+00
5.080000e-04,3.800000e-02,5.920000e-02
5.100000e-04,-3.866667e-03,2.933333e-02
5.120000e-04,2.131333e+00,1.866667e-02
5.140000e-04,3.141467e+00,5.066667e-02
5.160000e-04,3.134800e+00,6.786667e-02
5.180000e-04,3.586667e-02,3.152267e+00
5.200000e-04,1.373333e-02,3.162933e+00
5.220000e-04,2.706667e-02,3.177867e+00
5.240000e-04,3.148133e+00,3.167200e+00
5.260000e-04,3.134800e+00,3.173600e+00
5.280000e-04,2.253333e-02,7.213333e-02
5.300000e-04,5.133333e-02,6.346667e-02
5.320000e-04,1.600000e-02,7.000000e-02
5.340000e-04,3.130400e+00,6.133333e-02
5.360000e-04,3.156933e+00,3.573333e-02
5.380000e-04,4.906667e-02,1.087333e+00
5.400000e-04,3.800000e-02,3.175733e+00
5.420000e-04,4.466667e-02,3.162933e+00
5.440000e-04,2.953600e+00,3.192800e+00
5.460000e-04,3.154800e+00,3.182133e+00
5.480000e-04,3.145867e+00,3.175733e+00
5.500000e-04,4.466667e-02,6.133333e-02
5.520000e-04,2.920000e-02,4.640000e-02
5.540000e-04,4.253333e-02,4.640000e-02
5.560000e-04,3.143733e+00,6.133333e-02
5.580000e-04,3.141467e+00,4.426667e-02
5.600000e-04,5.360000e-02,3.086000e+00
5.620000e-04,2.920000e-02,3.162933e+00
5.640000e-04,2.920000e-02,3.160800e+00
5.660000e-04,3.134800e+00,3.186400e+00
5.680000e-04,3.137067e+00,3.169333e+00
5.700000e-04,2.480000e-02,7.853334e-02
5.720000e-04,3.586667e-02,5.493334e-02
5.740000e-04,1.600000e-02,6.786667e-02
5.760000e-04,3.068533e+00,5.280000e-02
5.780000e-04,3.130400e+00,5.493334e-02
5.800000e-04,3.146667e-02,5.066667e-02
5.820000e-04,5.360000e-02,3.169333e+00
5.840000e-04,3.586667e-02,3.167200e+00
5.860000e-04,1.936800e+00,3.171467e+00
5.880000e-04,3.137067e+00,3.182133e+00
5.900000e-04,3.150267e+00,3.173600e+00
5.920000e-04,3.141467e+00,7.213333e-02
5.940000e-04,3.150267e+00,6.573334e-02
5.960000e-04,2.480000e-02,2.408400e+00
5.980000e-04,7.560000e-02,3.158667e+00
6.000000e-04,2.480000e-02,3.177867e+00
6.020000e-04,3.050800e+00,3.184267e+00
6.040000e-04,3.126000e+00,3.167200e+00
6.060000e-04,4.026667e-02,3.103067e+00
6.080000e-04,4.253333e-02,3.184267e+00
6.100000e-04,9.333333e-03,3.167200e+00
6.120000e-04,2.250667e+00,3.171467e+00
6.140000e-04,3.141467e+00,3.152267e+00
6.160000e-04,3.145867e+00,3.156533e+00
6.180000e-04,3.360000e-02,6.346667e-02
6.200000e-04,1.373333e-02,4.853334e-02
6.220000e-04,2.040000e-02,4.213334e-02
6.240000e-04,3.139333e+00,3.573333e-02
6.260000e-04,3.139333e+00,6.133333e-02
6.280000e-04,4.906667e-02,3.011200e+00
6.300000e-04,3.586667e-02,3.156533e+00
6.320000e-04,2.920000e-02,3.171467e+00
6.340000e-04,3.126000e+00,3.186400e+00
6.360000e-04,3.137067e+00,3.173600e+00
6.380000e-04,3.800000e-02,1.866667e-02
6.400000e-04,4.026667e-02,6.133333e-02
6.420000e-04,4.026667e-02,4.213334e-02
6.440000e-04,2.984533e+00,5.280000e-02
6.460000e-04,3.134800e+00,4.426667e-02
6.480000e-04,2.666667e-03,9.133334e-02
6.500000e-04,4.693333e-02,3.145867e+00
6.520000e-04,3.146667e-02,3.173600e+00
6.540000e-04,7.586667e-01,3.184267e+00
6.560000e-04,3.141467e+00,3.171467e+00
6.580000e-04,3.145867e+00,3.177867e+00
6.600000e-04,4.693333e-02,3.162933e+00
6.620000e-04,1.813333e-02,3.182133e+00
6.640000e-04,3.800000e-02,3.175733e+00
6.660000e-04,3.119333e+00,3.177867e+00
6.680000e-04,3.141467e+00,3.162933e+00
6.700000e-04,3.586667e-02,5.493334e-02
6.720000e-04,3.146667e-02,5.280000e-02
6.740000e-04,3.586667e-02,6.786667e-02
6.760000e-04,3.114933e+00,5.493334e-02
6.780000e-04,3.145867e+00,5.706667e-02
6.800000e-04,4.693333e-02,1.084000e-01
6.820000e-04,4.693333e-02,6.786667e-02
6.840000e-04,4.693333e-02,6.786667e-02
6.860000e-04,2.767867e+00,8.280000e-02
6.880000e-04,3.128267e+00,6.346667e-02
6.900000e-04,3.161333e+00,7.213333e-02
6.920000e-04,3.586667e-02,5.706667e-02
6.940000e-04,3.586667e-02,6.786667e-02
6.960000e-04,1.600000e-02,7.426666e-02
6.980000e-04,3.141467e+00,5.706667e-02
7.000000e-04,3.130400e+00,5.280000e-02
7.020000e-04,2.706667e-02,5.706667e-02
7.040000e-04,4.933333e-03,6.786667e-02
7.060000e-04,3.146667e-02,6.133333e-02
7.080000e-04,3.114933e+00,7.853334e-02
7.100000e-04,3.152533e+00,6.573334e-02
7.120000e-04,5.573333e-02,5.706667e-02
7.140000e-04,3.586667e-02,8.493333e-02
7.160000e-04,2.920000e-02,5.493334e-02
7.180000e-04,3.070800e+00,7.853334e-02
7.200000e-04,3.134800e+00,6.786667e-02
7.220000e-04,9.560000e-02,1.041333e-01
7.240000e-04,3.146667e-02,3.162933e+00
7.260000e-04,9.333333e-03,3.177867e+00
7.280000e-04,2.102533e+00,3.184267e+00
7.300000e-04,3.117200e+00,3.177867e+00
7.320000e-04,3.134800e+00,3.177867e+00
7.340000e-04,3.800000e-02,7.853334e-02
7.360000e-04,2.706667e-02,3.146667e-02
7.380000e-04,3.586667e-02,6.133333e-02
7.400000e-04,3.148133e+00,5.280000e-02
7.420000e-04,3.139333e+00,5.280000e-02
7.440000e-04,4.253333e-02,5.706667e-02
7.460000e-04,5.573333e-02,4.000000e-02
7.480000e-04,4.693333e-02,4.640000e-02
7.500000e-04,3.108400e+00,5.493334e-02
7.520000e-04,3.126000e+00,7.853334e-02
7.540000e-04,3.800000e-02,6.133333e-02
7.560000e-04,1.813333e-02,7.853334e-02
7.580000e-04,7.346667e-02,6.786667e-02
7.600000e-04,2.942533e+00,7.213333e-02
7.620000e-04,3.137067e+00,5.920000e-02
7.640000e-04,-3.288000e-01,8.280000e-02
7.660000e-04,4.693333e-02,3.162933e+00
7.680000e-04,2.040000e-02,3.173600e+00
7.700000e-04,3.984000e-01,3.177867e+00
7.720000e-04,3.137067e+00,3.177867e+00
7.740000e-04,3.150267e+00,3.167200e+00
7.760000e-04,2.040000e-02,5.920000e-02
7.780000e-04,3.146667e-02,5.706667e-02
7.800000e-04,2.480000e-02,5.066667e-02
7.820000e-04,3.139333e+00,4.426667e-02
7.840000e-04,3.156933e+00,5.066667e-02
7.860000e-04,1.160000e-02,5.066667e-02
7.880000e-04,2.480000e-02,5.066667e-02
7.900000e-04,4.906667e-02,5.920000e-02
7.920000e-04,3.103867e+00,8.066667e-02
7.940000e-04,3.145867e+00,7.213333e-02
7.960000e-04,5.360000e-02,4.000000e-02
7.980000e-04,1.813333e-02,3.165067e+00
8.000000e-04,2.253333e-02,3.156533e+00
8.020000e-04,2.681733e+00,3.184267e+00
8.040000e-04,3.117200e+00,3.171467e+00
8.060000e-04,3.139333e+00,3.171467e+00
8.080000e-04,4.253333e-02,5.280000e-02
8.100000e-04,3.586667e-02,5.493334e-02
8.120000e-04,3.360000e-02,5.493334e-02
8.140000e-04,3.130400e+00,8.706667e-02
8.160000e-04,3.139333e+00,4.640000e-02
8.180000e-04,5.133333e-02,3.086000e+00
8.200000e-04,3.146667e-02,3.158667e+00
8.220000e-04,3.586667e-02,3.141467e+00
8.240000e-04,3.130400e+00,3.180000e+00
8.260000e-04,3.121600e+00,3.173600e+00
8.280000e-04,4.253333e-02,3.171467e+00
8.300000e-04,1.813333e-02,3.175733e+00
8.320000e-04,3.146667e-02,3.150133e+00
8.340000e-04,3.055333e+00,3.194933e+00
8.360000e-04,3.134800e+00,3.148000e+00
8.380000e-04,3.586667e-02,3.145867e+00
8.400000e-04,2.040000e-02,3.167200e+00
8.420000e-04,3.146667e-02,3.175733e+00
8.440000e-04,1.914667e+00,3.167200e+00
8.460000e-04,3.130400e+00,3.158667e+00
8.480000e-04,3.132667e+00,3.186400e+00
8.500000e-04,3.146667e-02,4.426667e-02
8.520000e-04,2.040000e-02,4.640000e-02
8.540000e-04,1.160000e-02,4.853334e-02
8.560000e-04,3.108400e+00,4.213334e-02
8.580000e-04,3.123867e+00,5.280000e-02
8.600000e-04,5.133333e-02,1.440000e-02
8.620000e-04,9.333333e-03,4.640000e-02
8.640000e-04,3.586667e-02,5.280000e-02
8.660000e-04,3.145867e+00,6.573334e-02
8.680000e-04,3.132667e+00,4.853334e-02
8.700000e-04,4.693333e-02,6.346667e-02
8.720000e-04,2.480000e-02,6.786667e-02
8.740000e-04,3.146667e-02,5.280000e-02
8.760000e-04,2.951333e+00,5.706667e-02
8.780000e-04,3.141467e+00,6.346667e-02
8.800000e-04,3.148133e+00,4.426667e-02
8.820000e-04,4.693333e-02,3.169333e+00
8.840000e-04,2.480000e-02,3.173600e+00
8.860000e-04,4.026667e-02,3.156533e+00
8.880000e-04,3.137067e+00,3.203467e+00
8.900000e-04,3.141467e+00,3.177867e+00
8.920000e-04,3.126000e+00,6.786667e-02
8.940000e-04,3.137067e+00,5.920000e-02
8.960000e-04,6.240000e-02,6.786667e-02
8.980000e-04,3.800000e-02,3.175733e+00
9.000000e-04,2.253333e-02,3.162933e+00
9.020000e-04,2.736933e+00,3.203467e+00
9.040000e-04,3.137067e+00,3.173600e+00
9.060000e-04,3.130400e+00,3.182133e+00
9.080000e-04,2.706667e-02,3.171467e+00
9.100000e-04,2.920000e-02,3.171467e+00
9.120000e-04,4.693333e-02,3.162933e+00
9.140000e-04,3.126000e+00,3.177867e+00
9.160000e-04,3.150267e+00,3.167200e+00
9.180000e-04,2.253333e-02,5.493334e-02
9.200000e-04,4.253333e-02,5.280000e-02
9.220000e-04,5.360000e-02,3.573333e-02
9.240000e-04,3.119333e+00,6.133333e-02
9.260000e-04,3.143733e+00,5.706667e-02
9.280000e-04,3.360000e-02,2.344267e+00
9.300000e-04,2.920000e-02,3.162933e+00
9.320000e-04,2.920000e-02,3.156533e+00
9.340000e-04,3.059733e+00,3.184267e+00
9.360000e-04,3.137067e+00,3.167200e+00
9.380000e-04,1.021333e-01,3.111600e+00
9.400000e-04,3.146667e-02,6.786667e-02
9.420000e-04,3.360000e-02,7.213333e-02
9.440000e-04,2.091600e+00,1.013333e-02
9.460000e-04,3.130400e+00,5.706667e-02
9.480000e-04,3.137067e+00,6.133333e-02
9.500000e-04,4.693333e-02,3.167200e+00
9.520000e-04,3.146667e-02,3.175733e+00
9.540000e-04,1.160000e-02,3.177867e+00
9.560000e-04,3.139333e+00,3.158667e+00
9.580000e-04,3.143733e+00,3.177867e+00
9.600000e-04,4.253333e-02,3.171467e+00
9.620000e-04,4.253333e-02,3.173600e+00
9.640000e-04,2.253333e-02,3.171467e+00
9.660000e-04,3.114933e+00,3.175733e+00
9.680000e-04,3.132667e+00,3.156533e+00
9.700000e-04,1.160000e-02,1.020000e-01
9.720000e-04,2.040000e-02,6.346667e-02
9.740000e-04,4.693333e-02,6.133333e-02
9.760000e-04,2.955867e+00,3.573333e-02
9.780000e-04,3.145867e+00,5.920000e-02
9.800000e-04,-1.034667e-01,3.573333e-02
9.820000e-04,1.600000e-02,4.640000e-02
9.840000e-04,4.026667e-02,5.066667e-02
9.860000e-04,2.768000e-01,4.853334e-02
9.880000e-04,3.141467e+00,5.493334e-02
9.900000e-04,3.154800e+00,5.066667e-02
9.920000e-04,3.800000e-02,5.066667e-02
9.940000e-04,4.906667e-02,4.853334e-02
9.960000e-04,2.706667e-02,7.000000e-02
9.980000e-04,3.119333e+00,6.786667e-02
1.000000e-03,3.152533e+00,6.573334e-02
1.002000e-03,3.586667e-02,5.066667e-02
1.004000e-03,2.253333e-02,6.786667e-02
1.006000e-03,3.146667e-02,6.573334e-02
1.008000e-03,3.070800e+00,6.133333e-02
1.010000e-03,3.134800e+00,4.640000e-02
1.012000e-03,4.026667e-02,8.000000e-03
1.014000e-03,1.813333e-02,5.280000e-02
1.016000e-03,4.253333e-02,5.920000e-02
1.018000e-03,2.684000e+00,6.573334e-02
1.020000e-03,3.121600e+00,5.493334e-02
1.022000e-03,3.150267e+00,5.280000e-02
1.024000e-03,3.586667e-02,6.786667e-02
1.026000e-03,9.333333e-03,5.706667e-02
1.028000e-03,3.146667e-02,4.640000e-02
1.030000e-03,3.134800e+00,7.853334e-02
1.032000e-03,3.123867e+00,6.786667e-02
1.034000e-03,4.253333e-02,3.098800e+00
1.036000e-03,5.133333e-02,3.160800e+00
1.038000e-03,2.480000e-02,3.180000e+00
1.040000e-03,3.123867e+00,3.184267e+00
1.042000e-03,3.148133e+00,3.162933e+00
1.044000e-03,4.253333e-02,1.254667e-01
1.046000e-03,2.920000e-02,6.133333e-02
1.048000e-03,3.586667e-02,7.426666e-02
1.050000e-03,3.042000e+00,5.066667e-02
1.052000e-03,3.132667e+00,3.786667e-02
1.054000e-03,2.253333e-02,5.920000e-02
1.056000e-03,4.026667e-02,3.162933e+00
1.058000e-03,4.906667e-02,3.165067e+00
1.060000e-03,1.897067e+00,3.167200e+00
1.062000e-03,3.145867e+00,3.167200e+00
1.064000e-03,3.123867e+00,3.177867e+00
1.066000e-03,5.360000e-02,4.640000e-02
1.068000e-03,2.480000e-02,4.213334e-02
1.070000e-03,3.586667e-02,5.280000e-02
1.072000e-03,3.156933e+00,5.280000e-02
1.074000e-03,3.130400e+00,4.640000e-02
1.076000e-03,5.133333e-02,4.426667e-02
1.078000e-03,4.026667e-02,5.706667e-02
1.080000e-03,2.040000e-02,3.573333e-02
1.082000e-03,3.114933e+00,6.133333e-02
1.084000e-03,3.137067e+00,7.426666e-02
1.086000e-03,5.800000e-02,-1.138667e-01
1.088000e-03,5.800000e-02,3.360000e-02
1.090000e-03,4.026667e-02,5.706667e-02
1.092000e-03,2.924933e+00,5.066667e-02
1.094000e-03,3.137067e+00,6.346667e-02
1.096000e-03,3.134800e+00,4.853334e-02
1.098000e-03,2.480000e-02,6.786667e-02
1.100000e-03,6.240000e-02,9.133334e-02
1.102000e-03,3.800000e-02,4.426667e-02
1.104000e-03,3.139333e+00,5.493334e-02
1.106000e-03,3.132667e+00,6.346667e-02
1.108000e-03,4.026667e-02,3.130800e+00
1.110000e-03,3.146667e-02,3.171467e+00
1.112000e-03,2.920000e-02,3.171467e+00
1.114000e-03,3.126000e+00,3.186400e+00
1.116000e-03,3.145867e+00,3.175733e+00
1.118000e-03,2.253333e-02,5.493334e-02
1.120000e-03,4.253333e-02,7.853334e-02
1.122000e-03,3.586667e-02,6.346667e-02
1.124000e-03,3.108400e+00,5.280000e-02
1.126000e-03,3.130400e+00,5.066667e-02
1.128000e-03,7.786667e-02,5.280000e-02
1.130000e-03,2.253333e-02,3.167200e+00
1.132000e-03,4.693333e-02,3.162933e+00
1.134000e-03,2.615467e+00,3.188533e+00
1.136000e-03,3.154800e+00,3.192800e+00
1.138000e-03,3.141467e+00,3.182133e+00
1.140000e-03,5.800000e-02,3.173600e+00
1.142000e-03,2.920000e-02,3.160800e+00
1.144000e-03,3.146667e-02,3.171467e+00
1.146000e-03,3.126000e+00,3.158667e+00
1.148000e-03,3.114933e+00,3.162933e+00
1.150000e-03,5.800000e-02,3.173600e+00
1.152000e-03,2.920000e-02,3.152267e+00
1.154000e-03,2.040000e-02,3.175733e+00
1.156000e-03,3.137067e+00,3.160800e+00
1.158000e-03,3.143733e+00,3.177867e+00
1.160000e-03,3.146667e-02,5.066667e-02
1.162000e-03,4.253333e-02,4.640000e-02
1.164000e-03,4.026667e-02,3.786667e-02
1.166000e-03,3.033200e+00,5.706667e-02
1.168000e-03,3.137067e+00,2.933333e-02
1.170000e-03,2.920000e-02,5.493334e-02
1.172000e-03,2.480000e-02,5.280000e-02
1.174000e-03,2.920000e-02,5.493334e-02
1.176000e-03,1.755600e+00,4.640000e-02
1.178000e-03,3.134800e+00,5.493334e-02
1.180000e-03,3.141467e+00,5.706667e-02
1.182000e-03,5.360000e-02,6.346667e-02
1.184000e-03,2.920000e-02,6.133333e-02
1.186000e-03,2.920000e-02,5.706667e-02
1.188000e-03,3.139333e+00,6.786667e-02
1.190000e-03,3.134800e+00,5.493334e-02
1.192000e-03,3.150267e+00,2.859333e+00
1.194000e-03,3.152533e+00,3.160800e+00
1.196000e-03,3.137067e+00,3.177867e+00
1.198000e-03,3.126000e+00,3.182133e+00
1.200000e-03,3.143733e+00,3.182133e+00
1.202000e-03,3.141467e+00,3.177867e+00
1.204000e-03,3.126000e+00,3.190667e+00
1.206000e-03,3.137067e+00,3.171467e+00
1.208000e-03,3.139333e+00,3.173600e+00
1.210000e-03,3.130400e+00,3.160800e+00
1.212000e-03,3.152533e+00,3.169333e+00
1.214000e-03,3.152533e+00,3.171467e+00
1.216000e-03,3.150267e+00,3.182133e+00
1.218000e-03,3.148133e+00,3.141467e+00
1.220000e-03,3.137067e+00,3.154400e+00
1.222000e-03,3.152533e+00,3.160800e+00
1.224000e-03,3.130400e+00,3.150133e+00
1.226000e-03,3.130400e+00,3.160800e+00
1.228000e-03,3.137067e+00,3.158667e+00
1.230000e-03,3.134800e+00,3.165067e+00
1.232000e-03,3.141467e+00,3.160800e+00
1.234000e-03,3.137067e+00,3.156533e+00
1.236000e-03,3.148133e+00,3.169333e+00
1.238000e-03,3.145867e+00,3.169333e+00
1.240000e-03,3.130400e+00,3.152267e+00
1.242000e-03,3.134800e+00,3.167200e+00
1.244000e-03,3.156933e+00,3.182133e+00
1.246000e-03,3.145867e+00,3.156533e+00
1.248000e-03,3.148133e+00,3.160800e+00
1.250000e-03,3.134800e+00,3.162933e+00
1.252000e-03,3.137067e+00,3.173600e+00
1.254000e-03,3.137067e+00,3.156533e+00
1.256000e-03,3.141467e+00,3.152267e+00
1.258000e-03,3.150267e+00,3.177867e+00
1.260000e-03,3.134800e+00,3.171467e+00
1.262000e-03,3.143733e+00,3.167200e+00
1.264000e-03,3.139333e+00,3.171467e+00
1.266000e-03,3.156933e+00,3.175733e+00
1.268000e-03,3.152533e+00,3.177867e+00
1.270000e-03,3.108400e+00,3.160800e+00
1.272000e-03,3.137067e+00,3.154400e+00
1.274000e-03,3.145867e+00,3.154400e+00
1.276000e-03,3.141467e+00,3.145867e+00
1.278000e-03,3.132667e+00,3.171467e+00
1.280000e-03,3.141467e+00,3.156533e+00
1.282000e-03,3.137067e+00,3.167200e+00
1.284000e-03,3.141467e+00,3.156533e+00
1.286000e-03,3.139333e+00,3.137200e+00
1.288000e-03,3.145867e+00,3.175733e+00
1.290000e-03,3.123867e+00,3.162933e+00
1.292000e-03,3.148133e+00,3.184267e+00
1.294000e-03,3.139333e+00,3.152267e+00
1.296000e-03,3.130400e+00,3.173600e+00
1.298000e-03,3.134800e+00,3.152267e+00
1.300000e-03,3.128267e+00,3.173600e+00
1.302000e-03,3.128267e+00,3.160800e+00
1.304000e-03,3.119333e+00,3.167200e+00
1.306000e-03,3.141467e+00,3.160800e+00
1.308000e-03,3.121600e+00,3.171467e+00
1.310000e-03,3.139333e+00,3.158667e+00
1.312000e-03,3.134800e+00,3.162933e+00
1.314000e-03,3.145867e+00,3.162933e+00
1.316000e-03,3.152533e+00,3.154400e+00
1.318000e-03,3.141467e+00,3.156533e+00
1.320000e-03,3.141467e+00,3.160800e+00
1.322000e-03,3.143733e+00,3.173600e+00
1.324000e-03,3.137067e+00,3.160800e+00
1.326000e-03,3.145867e+00,3.171467e+00
1.328000e-03,3.126000e+00,3.173600e+00
1.330000e-03,3.130400e+00,3.152267e+00
1.332000e-03,3.141467e+00,3.167200e+00
1.334000e-03,3.137067e+00,3.160800e+00
1.336000e-03,3.145867e+00,3.167200e+00
1.338000e-03,3.134800e+00,3.167200e+00
1.340000e-03,3.130400e+00,3.150133e+00
1.342000e-03,3.139333e+00,3.175733e+00
1.344000e-03,3.139333e+00,3.160800e+00
1.346000e-03,3.132667e+00,3.160800e+00
1.348000e-03,3.148133e+00,3.173600e+00
1.350000e-03,3.152533e+00,3.167200e+00
1.352000e-03,3.134800e+00,3.162933e+00
1.354000e-03,3.130400e+00,3.160800e+00
1.356000e-03,3.134800e+00,3.139333e+00
1.358000e-03,3.141467e+00,3.162933e+00
1.360000e-03,3.156933e+00,3.182133e+00
1.362000e-03,3.141467e+00,3.171467e+00
1.364000e-03,3.137067e+00,3.156533e+00
1.366000e-03,3.134800e+00,3.162933e+00
1.368000e-03,3.134800e+00,3.169333e+00
1.370000e-03,3.123867e+00,3.160800e+00
1.372000e-03,3.123867e+00,3.177867e+00
1.374000e-03,3.156933e+00,3.177867e+00
1.376000e-03,3.134800e+00,3.175733e+00
1.378000e-03,3.145867e+00,3.148000e+00
1.380000e-03,3.130400e+00,3.171467e+00
1.382000e-03,3.139333e+00,3.173600e+00
1.384000e-03,3.148133e+00,3.177867e+00
1.386000e-03,3.139333e+00,3.173600e+00
1.388000e-03,3.134800e+00,3.156533e+00
1.390000e-03,3.141467e+00,3.173600e+00
1.392000e-03,3.150267e+00,3.160800e+00
1.394000e-03,3.130400e+00,3.150133e+00
1.396000e-03,3.128267e+00,3.171467e+00
1.398000e-03,3.132667e+00,3.162933e+00
1.400000e-03,3.141467e+00,3.169333e+00
1.402000e-03,3.132667e+00,3.154400e+00
1.404000e-03,3.141467e+00,3.162933e+00
1.406000e-03,3.123867e+00,3.184267e+00
1.408000e-03,3.130400e+00,3.158667e+00
1.410000e-03,3.137067e+00,3.171467e+00
1.412000e-03,3.123867e+00,3.175733e+00
1.414000e-03,3.132667e+00,3.156533e+00
1.416000e-03,3.141467e+00,3.162933e+00
1.418000e-03,3.130400e+00,3.162933e+00
1.420000e-03,3.130400e+00,3.165067e+00
1.422000e-03,3.154800e+00,3.177867e+00
1.424000e-03,3.145867e+00,3.177867e+00
1.426000e-03,3.137067e+00,3.184267e+00
1.428000e-03,3.137067e+00,3.160800e+00
1.430000e-03,3.150267e+00,3.167200e+00
1.432000e-03,3.148133e+00,3.186400e+00
1.434000e-03,3.137067e+00,3.162933e+00
1.436000e-03,3.134800e+00,3.150133e+00
1.438000e-03,3.134800e+00,3.154400e+00
1.440000e-03,3.152533e+00,3.152267e+00
1.442000e-03,3.159200e+00,3.156533e+00
1.444000e-03,3.126000e+00,3.158667e+00
1.446000e-03,3.141467e+00,3.171467e+00
1.448000e-03,3.137067e+00,3.154400e+00
1.450000e-03,3.121600e+00,3.171467e+00
1.452000e-03,3.141467e+00,3.167200e+00
1.454000e-03,3.148133e+00,3.171467e+00
1.456000e-03,3.137067e+00,3.156533e+00
1.458000e-03,3.152533e+00,3.167200e+00
1.460000e-03,3.143733e+00,3.169333e+00
1.462000e-03,3.130400e+00,3.167200e+00
1.464000e-03,3.139333e+00,3.139333e+00
1.466000e-03,3.145867e+00,3.152267e+00
1.468000e-03,3.141467e+00,3.165067e+00
1.470000e-03,3.137067e+00,3.160800e+00
1.472000e-03,3.134800e+00,3.167200e+00
1.474000e-03,3.141467e+00,3.177867e+00
1.476000e-03,3.161333e+00,3.156533e+00
1.478000e-03,3.132667e+00,3.156533e+00
1.480000e-03,3.152533e+00,3.145867e+00
1.482000e-03,3.137067e+00,3.175733e+00
1.484000e-03,3.128267e+00,3.162933e+00
1.486000e-03,3.141467e+00,3.162933e+00
1.488000e-03,3.123867e+00,3.173600e+00
1.490000e-03,3.145867e+00,3.169333e+00
1.492000e-03,3.148133e+00,3.162933e+00
1.494000e-03,3.143733e+00,3.143733e+00
1.496000e-03,3.148133e+00,3.165067e+00
1.498000e-03,3.137067e+00,3.156533e+00
1.500000e-03,3.143733e+00,3.167200e+00
1.502000e-03,3.148133e+00,3.154400e+00
1.504000e-03,3.130400e+00,3.171467e+00
1.506000e-03,3.126000e+00,3.160800e+00
1.508000e-03,3.152533e+00,3.156533e+00
1.510000e-03,3.150267e+00,3.158667e+00
1.512000e-03,3.126000e+00,3.154400e+00
1.514000e-03,3.145867e+00,3.148000e+00
1.516000e-03,3.165867e+00,3.173600e+00
1.518000e-03,3.152533e+00,3.169333e+00
1.520000e-03,3.132667e+00,3.173600e+00
1.522000e-03,3.130400e+00,3.162933e+00
1.524000e-03,3.143733e+00,3.177867e+00
1.526000e-03,3.130400e+00,3.162933e+00
1.528000e-03,3.152533e+00,3.162933e+00
1.530000e-03,3.141467e+00,3.158667e+00
1.532000e-03,3.152533e+00,3.154400e+00
1.534000e-03,3.126000e+00,3.167200e+00
1.536000e-03,3.126000e+00,3.167200e+00
1.538000e-03,3.141467e+00,3.171467e+00
1.540000e-03,3.141467e+00,3.154400e+00
1.542000e-03,3.143733e+00,3.158667e+00
1.544000e-03,3.143733e+00,3.158667e+00
1.546000e-03,3.134800e+00,3.152267e+00
1.548000e-03,3.150267e+00,3.160800e+00
1.550000e-03,3.123867e+00,3.171467e+00
1.552000e-03,3.134800e+00,3.162933e+00
1.554000e-03,3.119333e+00,3.167200e+00
1.556000e-03,3.137067e+00,3.171467e+00
1.558000e-03,3.137067e+00,3.152267e+00
1.560000e-03,3.141467e+00,3.162933e+00
1.562000e-03,3.137067e+00,3.156533e+00
1.564000e-03,3.132667e+00,3.167200e+00
1.566000e-03,3.143733e+00,3.154400e+00
1.568000e-03,3.141467e+00,3.160800e+00
1.570000e-03,3.139333e+00,3.173600e+00
1.572000e-03,3.130400e+00,3.162933e+00
1.574000e-03,3.137067e+00,3.165067e+00
1.576000e-03,3.126000e+00,3.173600e+00
1.578000e-03,3.154800e+00,3.173600e+00
1.580000e-03,3.132667e+00,3.167200e+00
1.582000e-03,3.130400e+00,3.160800e+00
1.584000e-03,3.132667e+00,3.167200e+00
1.586000e-03,3.159200e+00,3.162933e+00
1.588000e-03,3.137067e+00,3.165067e+00
1.590000e-03,3.126000e+00,3.167200e+00
1.592000e-03,3.145867e+00,3.171467e+00
1.594000e-03,3.130400e+00,3.175733e+00
1.596000e-03,3.152533e+00,3.162933e+00
1.598000e-03,3.139333e+00,3.152267e+00
1.600000e-03,3.141467e+00,3.152267e+00
1.602000e-03,3.130400e+00,3.177867e+00
1.604000e-03,3.150267e+00,3.167200e+00
1.606000e-03,3.145867e+00,3.160800e+00
1.608000e-03,3.148133e+00,3.160800e+00
1.610000e-03,3.112800e+00,3.162933e+00
1.612000e-03,3.126000e+00,3.162933e+00
1.614000e-03,3.141467e+00,3.156533e+00
1.616000e-03,3.141467e+00,3.154400e+00
1.618000e-03,3.137067e+00,3.171467e+00
1.620000e-03,3.134800e+00,3.167200e+00
1.622000e-03,3.130400e+00,3.160800e+00
1.624000e-03,3.143733e+00,3.177867e+00
1.626000e-03,3.117200e+00,3.160800e+00
1.628000e-03,3.145867e+00,3.171467e+00
1.630000e-03,3.134800e+00,3.150133e+00
1.632000e-03,3.150267e+00,3.143733e+00
1.634000e-03,3.143733e+00,3.171467e+00
1.636000e-03,3.154800e+00,3.167200e+00
1.638000e-03,3.145867e+00,3.173600e+00
1.640000e-03,3.152533e+00,3.167200e+00
1.642000e-03,3.148133e+00,3.162933e+00
1.644000e-03,3.126000e+00,3.171467e+00
1.646000e-03,3.141467e+00,3.156533e+00
1.648000e-03,3.148133e+00,3.160800e+00
1.650000e-03,3.130400e+00,3.171467e+00
1.652000e-03,3.154800e+00,3.150133e+00
1.654000e-03,3.132667e+00,3.150133e+00
1.656000e-03,3.137067e+00,3.158667e+00
1.658000e-03,3.134800e+00,3.158667e+00
1.660000e-03,3.137067e+00,3.165067e+00
1.662000e-03,3.143733e+00,3.177867e+00
1.664000e-03,3.134800e+00,3.152267e+00
1.666000e-03,3.145867e+00,3.175733e+00
1.668000e-03,3.139333e+00,3.175733e+00
1.670000e-03,3.145867e+00,3.162933e+00
1.672000e-03,3.152533e+00,3.160800e+00
1.674000e-03,3.154800e+00,3.171467e+00
1.676000e-03,3.128267e+00,3.158667e+00
1.678000e-03,3.128267e+00,3.158667e+00
1.680000e-03,3.132667e+00,3.167200e+00
1.682000e-03,3.145867e+00,3.162933e+00
1.684000e-03,3.130400e+00,3.169333e+00
1.686000e-03,3.145867e+00,3.171467e+00
1.688000e-03,3.134800e+00,3.148000e+00
1.690000e-03,3.130400e+00,3.162933e+00
1.692000e-03,3.126000e+00,3.169333e+00
1.694000e-03,3.130400e+00,3.162933e+00
1.696000e-03,3.141467e+00,3.156533e+00
1.698000e-03,3.137067e+00,3.171467e+00
1.700000e-03,3.141467e+00,3.171467e+00
1.702000e-03,3.132667e+00,3.152267e+00
1.704000e-03,3.150267e+00,3.171467e+00
1.706000e-03,3.139333e+00,3.156533e+00
1.708000e-03,3.150267e+00,3.171467e+00
1.710000e-03,3.139333e+00,3.167200e+00
1.712000e-03,3.132667e+00,3.160800e+00
1.714000e-03,3.119333e+00,3.160800e+00
1.716000e-03,3.112800e+00,3.184267e+00
1.718000e-03,3.141467e+00,3.141467e+00
1.720000e-03,3.139333e+00,3.162933e+00
1.722000e-03,3.139333e+00,3.173600e+00
1.724000e-03,3.150267e+00,3.152267e+00
1.726000e-03,3.156933e+00,3.156533e+00
1.728000e-03,3.130400e+00,3.169333e+00
1.730000e-03,3.141467e+00,3.160800e+00
1.732000e-03,3.152533e+00,3.165067e+00
1.734000e-03,3.139333e+00,3.188533e+00
1.736000e-03,3.143733e+00,3.173600e+00
1.738000e-03,3.123867e+00,3.182133e+00
1.740000e-03,3.150267e+00,3.162933e+00
1.742000e-03,3.145867e+00,3.162933e+00
1.744000e-03,3.139333e+00,3.167200e+00
1.746000e-03,3.150267e+00,3.162933e+00
1.748000e-03,3.130400e+00,3.165067e+00
1.750000e-03,3.141467e+00,3.165067e+00
1.752000e-03,3.145867e+00,3.175733e+00
1.754000e-03,3.145867e+00,3.167200e+00
1.756000e-03,3.141467e+00,3.152267e+00
1.758000e-03,3.139333e+00,3.162933e+00
1.760000e-03,3.145867e+00,3.165067e+00
1.762000e-03,3.145867e+00,3.154400e+00
1.764000e-03,3.139333e+00,3.167200e+00
1.766000e-03,3.130400e+00,3.167200e+00
1.768000e-03,3.134800e+00,3.152267e+00
1.770000e-03,3.139333e+00,3.173600e+00
1.772000e-03,3.152533e+00,3.154400e+00
1.774000e-03,3.130400e+00,3.169333e+00
1.776000e-03,3.123867e+00,3.152267e+00
1.778000e-03,3.152533e+00,3.156533e+00
1.780000e-03,3.126000e+00,3.175733e+00
1.782000e-03,3.126000e+00,3.160800e+00
1.784000e-03,3.141467e+00,3.150133e+00
1.786000e-03,3.141467e+00,3.156533e+00
1.788000e-03,3.143733e+00,3.162933e+00
1.790000e-03,3.145867e+00,3.148000e+00
1.792000e-03,3.126000e+00,3.186400e+00
1.794000e-03,3.139333e+00,3.160800e+00
1.796000e-03,3.134800e+00,3.160800e+00
1.798000e-03,3.128267e+00,3.162933e+00
1.800000e-03,3.139333e+00,3.154400e+00
1.802000e-03,3.134800e+00,3.158667e+00
1.804000e-03,3.141467e+00,3.150133e+00
1.806000e-03,3.143733e+00,3.154400e+00
1.808000e-03,3.132667e+00,3.169333e+00
1.810000e-03,3.132667e+00,3.173600e+00
1.812000e-03,3.143733e+00,3.162933e+00
1.814000e-03,3.139333e+00,3.156533e+00
1.816000e-03,3.148133e+00,3.169333e+00
1.818000e-03,3.128267e+00,3.173600e+00
1.820000e-03,3.132667e+00,3.162933e+00
1.822000e-03,3.150267e+00,3.154400e+00
1.824000e-03,3.134800e+00,3.167200e+00
1.826000e-03,3.126000e+00,3.165067e+00
1.828000e-03,3.128267e+00,3.167200e+00
1.830000e-03,3.137067e+00,3.160800e+00
1.832000e-03,3.141467e+00,3.171467e+00
1.834000e-03,3.130400e+00,3.156533e+00
1.836000e-03,3.152533e+00,3.158667e+00
1.838000e-03,3.130400e+00,3.152267e+00
1.840000e-03,3.141467e+00,3.152267e+00
1.842000e-03,3.139333e+00,3.173600e+00
1.844000e-03,3.139333e+00,3.167200e+00
1.846000e-03,3.123867e+00,3.184267e+00
1.848000e-03,3.132667e+00,3.158667e+00
1.850000e-03,3.141467e+00,3.162933e+00
1.852000e-03,3.168000e+00,3.167200e+00
1.854000e-03,3.148133e+00,3.154400e+00
1.856000e-03,3.145867e+00,3.160800e+00
1.858000e-03,3.152533e+00,3.160800e+00
1.860000e-03,3.137067e+00,3.177867e+00
1.862000e-03,3.137067e+00,3.171467e+00
1.864000e-03,3.130400e+00,3.148000e+00
1.866000e-03,3.130400e+00,3.173600e+00
1.868000e-03,3.134800e+00,3.173600e+00
1.870000e-03,3.114933e+00,3.169333e+00
1.872000e-03,3.132667e+00,3.152267e+00
1.874000e-03,3.128267e+00,3.171467e+00
